posted,tittle,views
1 hour ago,Analysts weighs in on why Duterte dropped VP bid | ANC,5.5K views
2 hours ago,Bong Go files Certificate of Candidacy for vice president in 2022 elections | ANC,1.9K views
1 day ago,"REV: Bigboy Cheng's Sneaker Vault, NBA Cards and Art Toys | ANC",1.2K views
1 day ago,"Calls to ramp up COVID testing in PH amid improvement in NCR, Calabarzon | ANC",1.5K views
1 day ago,House passes 'rushed' P5.024-T budget for 2022 | ANC,6.5K views
1 day ago,Duterte attacks Senate anew over Pharmally probe | ANC,81K views
1 day ago,"Old, new faces file COCs for local posts for 2022 elections | ANC",7.9K views
1 day ago,"Pacquiao, others formalize bids in Day 1 of COC filing for Halalan 2022 | ANC",6K views
1 day ago,PSEi falls along with global peers | ANC,526 views
1 day ago,"After the Fact: After 2019 loss, Estrada half-brothers running again in 2022 | ANC",15K views
1 day ago,"Analyst advises investors to increase exposure in market if PSEi breaks above 7,000 | ANC",4.6K views
1 day ago,Analyst: Opposition stuck with same narrative of blaming Marcos or Duterte | ANC,54K views
1 day ago,Are Isko Moreno and Manny Pacquiao considered 'genuine oppositionists'? | ANC,33K views
1 day ago,Why 1Sambayan chose Robredo despite low ranking in poll survey | ANC,54K views
2 days ago,Australia to ease international border restrictions in November | ANC,2.4K views
2 days ago,Developer grants artists rent-free space in lower Manhattan | ANC,960 views
2 days ago,Political analyst: Robredo declining presidential nomination won't be dereliction of duty | ANC,71K views
2 days ago,"Gordon goads Duterte for drop in VP preference survey, declined Pacquiao's running mate offer | ANC",132K views
2 days ago,Gordon on Duterte's remarks against him: I have locked horns with previous presidents | ANC,40K views
2 days ago,"Gordon: Michael Yang, Darganis acting smug believing they have backing of president | ANC",52K views
2 days ago,Gordon to Duterte: Stop defending your friends over your countrymen | ANC,204K views
2 days ago,Gatchalians seek to hold on to power in Valenzuela City | ANC,8K views
2 days ago,Actor Ejay Falcon files candidacy as Oriental Mindoro vice-governor | ANC,2.6K views
2 days ago,HALALAN 2022 Updates: Who have filed their COCs so far | ANC,18K views
2 days ago,'#LetLeniLead' tops Twitter PH's trending list after Robredo's 1Sambayan endorsement | ANC,19K views
2 days ago,FINEX President: Vaccination key to open up economy as PH lags behind in recovery | ANC,1.4K views
2 days ago,MREIT to bulk up assets with uptown BGC offices as it makes debut on PSE | ANC,1.5K views
2 days ago,"Analyst: PSEi to retest 7,000 level; Positives seen to outweigh negatives in Q4 | ANC",3.7K views
2 days ago,Factory managers say business won't survive if power cuts continue in northeast China | ANC,1.8K views
2 days ago,U.S. jobless claims rise for third straight week | ANC,192 views
